Data,CodSAP,Modelo,Dealer,Quant,Filename,Timestamp
2022-09-11,2065,PARTNER 3.1,DL-A,19,1.METAS_2022_SET.xlsx,2022-09-21T22:17:14.884+0000
2022-09-11,2065,PARTNER 3.1,DL-B,16,1.METAS_2022_SET.xlsx,2022-09-21T22:17:14.884+0000
2022-09-11,2065,PARTNER 3.1,DL-C,17,1.METAS_2022_SET.xlsx,2022-09-21T22:17:14.884+0000
2022-09-11,2065,PARTNER 3.1,DL-D,4,1.METAS_2022_SET.xlsx,2022-09-21T22:17:14.884+0000
2022-09-11,2065,PARTNER 3.1,DL-E,3,1.METAS_2022_SET.xlsx,2022-09-21T22:17:14.884+0000
2022-09-11,2065,PARTNER 3.1,DL-F,9,1.METAS_2022_SET.xlsx,2022-09-21T22:17:14.884+0000
2022-09-11,2065,PARTNER 3.1,DL-G,5,1.METAS_2022_SET.xlsx,2022-09-21T22:17:14.884+0000
2022-09-11,2065,PARTNER 3.1,DL-H,10,1.METAS_2022_SET.xlsx,2022-09-21T22:17:14.884+0000
2022-09-11,2065,PARTNER 3.1,DL-I,5,1.METAS_2022_SET.xlsx,2022-09-21T22:17:14.884+0000
2022-09-11,2065,PARTNER 3.1,DL-J,1,1.METAS_2022_SET.xlsx,2022-09-21T22:17:14.884+0000
2022-09-11,2065,PARTNER 3.1,DL-K,17,1.METAS_2022_SET.xlsx,2022-09-21T22:17:14.884+0000
2022-09-11,2065,PARTNER 3.1,DL-L,17,1.METAS_2022_SET.xlsx,2022-09-21T22:17:14.884+0000
2022-09-11,2065,PARTNER 3.1,DL-M,19,1.METAS_2022_SET.xlsx,2022-09-21T22:17:14.884+0000
2022-09-11,2065,PARTNER 3.1,DL-N,13,1.METAS_2022_SET.xlsx,2022-09-21T22:17:14.884+0000
2022-09-11,2124,500 1.5 COMFORT,DL-A,11,1.METAS_2022_SET.xlsx,2022-09-21T22:17:14.884+0000
2022-09-11,2124,500 1.5 COMFORT,DL-B,19,1.METAS_2022_SET.xlsx,2022-09-21T22:17:14.884+0000
2022-09-11,2124,500 1.5 COMFORT,DL-C,11,1.METAS_2022_SET.xlsx,2022-09-21T22:17:14.884+0000
2022-09-11,2124,500 1.5 COMFORT,DL-D,20,1.METAS_2022_SET.xlsx,2022-09-21T22:17:14.884+0000
2022-09-11,2124,500 1.5 COMFORT,DL-E,0,1.METAS_2022_SET.xlsx,2022-09-21T22:17:14.884+0000
2022-09-11,2124,500 1.5 COMFORT,DL-F,20,1.METAS_2022_SET.xlsx,2022-09-21T22:17:14.884+0000
2022-09-11,2124,500 1.5 COMFORT,DL-G,1,1.METAS_2022_SET.xlsx,2022-09-21T22:17:14.884+0000
2022-09-11,2124,500 1.5 COMFORT,DL-H,13,1.METAS_2022_SET.xlsx,2022-09-21T22:17:14.884+0000
2022-09-11,2124,500 1.5 COMFORT,DL-I,6,1.METAS_2022_SET.xlsx,2022-09-21T22:17:14.884+0000
2022-09-11,2124,500 1.5 COMFORT,DL-J,4,1.METAS_2022_SET.xlsx,2022-09-21T22:17:14.884+0000
2022-09-11,2124,500 1.5 COMFORT,DL-K,17,1.METAS_2022_SET.xlsx,2022-09-21T22:17:14.884+0000
2022-09-11,2124,500 1.5 COMFORT,DL-L,10,1.METAS_2022_SET.xlsx,2022-09-21T22:17:14.884+0000
2022-09-11,2124,500 1.5 COMFORT,DL-M,16,1.METAS_2022_SET.xlsx,2022-09-21T22:17:14.884+0000
2022-09-11,2124,500 1.5 COMFORT,DL-N,16,1.METAS_2022_SET.xlsx,2022-09-21T22:17:14.884+0000
2022-09-11,2147,STARIA FG 5.SC,DL-A,9,1.METAS_2022_SET.xlsx,2022-09-21T22:17:14.884+0000
2022-09-11,2147,STARIA FG 5.SC,DL-B,3,1.METAS_2022_SET.xlsx,2022-09-21T22:17:14.884+0000
2022-09-11,2147,STARIA FG 5.SC,DL-C,13,1.METAS_2022_SET.xlsx,2022-09-21T22:17:14.884+0000
2022-09-11,2147,STARIA FG 5.SC,DL-D,4,1.METAS_2022_SET.xlsx,2022-09-21T22:17:14.884+0000
2022-09-11,2147,STARIA FG 5.SC,DL-E,4,1.METAS_2022_SET.xlsx,2022-09-21T22:17:14.884+0000
2022-09-11,2147,STARIA FG 5.SC,DL-F,6,1.METAS_2022_SET.xlsx,2022-09-21T22:17:14.884+0000
2022-09-11,2147,STARIA FG 5.SC,DL-G,18,1.METAS_2022_SET.xlsx,2022-09-21T22:17:14.884+0000
2022-09-11,2147,STARIA FG 5.SC,DL-H,7,1.METAS_2022_SET.xlsx,2022-09-21T22:17:14.884+0000
2022-09-11,2147,STARIA FG 5.SC,DL-I,9,1.METAS_2022_SET.xlsx,2022-09-21T22:17:14.884+0000
2022-09-11,2147,STARIA FG 5.SC,DL-J,2,1.METAS_2022_SET.xlsx,2022-09-21T22:17:14.884+0000
2022-09-11,2147,STARIA FG 5.SC,DL-K,7,1.METAS_2022_SET.xlsx,2022-09-21T22:17:14.884+0000
2022-09-11,2147,STARIA FG 5.SC,DL-L,19,1.METAS_2022_SET.xlsx,2022-09-21T22:17:14.884+0000
2022-09-11,2147,STARIA FG 5.SC,DL-M,10,1.METAS_2022_SET.xlsx,2022-09-21T22:17:14.884+0000
2022-09-11,2147,STARIA FG 5.SC,DL-N,17,1.METAS_2022_SET.xlsx,2022-09-21T22:17:14.884+0000
2022-09-11,2176,DUCATO,DL-A,8,1.METAS_2022_SET.xlsx,2022-09-21T22:17:14.884+0000
2022-09-11,2176,DUCATO,DL-B,13,1.METAS_2022_SET.xlsx,2022-09-21T22:17:14.884+0000
2022-09-11,2176,DUCATO,DL-C,8,1.METAS_2022_SET.xlsx,2022-09-21T22:17:14.884+0000
2022-09-11,2176,DUCATO,DL-D,12,1.METAS_2022_SET.xlsx,2022-09-21T22:17:14.884+0000
2022-09-11,2176,DUCATO,DL-E,4,1.METAS_2022_SET.xlsx,2022-09-21T22:17:14.884+0000
2022-09-11,2176,DUCATO,DL-F,15,1.METAS_2022_SET.xlsx,2022-09-21T22:17:14.884+0000
2022-09-11,2176,DUCATO,DL-G,19,1.METAS_2022_SET.xlsx,2022-09-21T22:17:14.884+0000
2022-09-11,2176,DUCATO,DL-H,1,1.METAS_2022_SET.xlsx,2022-09-21T22:17:14.884+0000
2022-09-11,2176,DUCATO,DL-I,4,1.METAS_2022_SET.xlsx,2022-09-21T22:17:14.884+0000
2022-09-11,2176,DUCATO,DL-J,19,1.METAS_2022_SET.xlsx,2022-09-21T22:17:14.884+0000
2022-09-11,2176,DUCATO,DL-K,7,1.METAS_2022_SET.xlsx,2022-09-21T22:17:14.884+0000
2022-09-11,2176,DUCATO,DL-L,2,1.METAS_2022_SET.xlsx,2022-09-21T22:17:14.884+0000
2022-09-11,2176,DUCATO,DL-M,16,1.METAS_2022_SET.xlsx,2022-09-21T22:17:14.884+0000
2022-09-11,2176,DUCATO,DL-N,5,1.METAS_2022_SET.xlsx,2022-09-21T22:17:14.884+0000
2022-09-11,2177,520 1.8L COMFORT 2R,DL-A,14,1.METAS_2022_SET.xlsx,2022-09-21T22:17:14.884+0000
2022-09-11,2177,520 1.8L COMFORT 2R,DL-B,17,1.METAS_2022_SET.xlsx,2022-09-21T22:17:14.884+0000
2022-09-11,2177,520 1.8L COMFORT 2R,DL-C,2,1.METAS_2022_SET.xlsx,2022-09-21T22:17:14.884+0000
2022-09-11,2177,520 1.8L COMFORT 2R,DL-D,0,1.METAS_2022_SET.xlsx,2022-09-21T22:17:14.884+0000
2022-09-11,2177,520 1.8L COMFORT 2R,DL-E,5,1.METAS_2022_SET.xlsx,2022-09-21T22:17:14.884+0000
2022-09-11,2177,520 1.8L COMFORT 2R,DL-F,16,1.METAS_2022_SET.xlsx,2022-09-21T22:17:14.884+0000
2022-09-11,2177,520 1.8L COMFORT 2R,DL-G,7,1.METAS_2022_SET.xlsx,2022-09-21T22:17:14.884+0000
2022-09-11,2177,520 1.8L COMFORT 2R,DL-H,3,1.METAS_2022_SET.xlsx,2022-09-21T22:17:14.884+0000
2022-09-11,2177,520 1.8L COMFORT 2R,DL-I,1,1.METAS_2022_SET.xlsx,2022-09-21T22:17:14.884+0000
2022-09-11,2177,520 1.8L COMFORT 2R,DL-J,1,1.METAS_2022_SET.xlsx,2022-09-21T22:17:14.884+0000
2022-09-11,2177,520 1.8L COMFORT 2R,DL-K,0,1.METAS_2022_SET.xlsx,2022-09-21T22:17:14.884+0000
2022-09-11,2177,520 1.8L COMFORT 2R,DL-L,3,1.METAS_2022_SET.xlsx,2022-09-21T22:17:14.884+0000
2022-09-11,2177,520 1.8L COMFORT 2R,DL-M,11,1.METAS_2022_SET.xlsx,2022-09-21T22:17:14.884+0000
2022-09-11,2177,520 1.8L COMFORT 2R,DL-N,18,1.METAS_2022_SET.xlsx,2022-09-21T22:17:14.884+0000
2022-09-11,2203,235 1L COMFORT ,DL-A,1,1.METAS_2022_SET.xlsx,2022-09-21T22:17:14.884+0000
2022-09-11,2203,235 1L COMFORT ,DL-B,8,1.METAS_2022_SET.xlsx,2022-09-21T22:17:14.884+0000
2022-09-11,2203,235 1L COMFORT ,DL-C,5,1.METAS_2022_SET.xlsx,2022-09-21T22:17:14.884+0000
2022-09-11,2203,235 1L COMFORT ,DL-D,1,1.METAS_2022_SET.xlsx,2022-09-21T22:17:14.884+0000
2022-09-11,2203,235 1L COMFORT ,DL-E,19,1.METAS_2022_SET.xlsx,2022-09-21T22:17:14.884+0000
2022-09-11,2203,235 1L COMFORT ,DL-F,16,1.METAS_2022_SET.xlsx,2022-09-21T22:17:14.884+0000
2022-09-11,2203,235 1L COMFORT ,DL-G,8,1.METAS_2022_SET.xlsx,2022-09-21T22:17:14.884+0000
2022-09-11,2203,235 1L COMFORT ,DL-H,17,1.METAS_2022_SET.xlsx,2022-09-21T22:17:14.884+0000
2022-09-11,2203,235 1L COMFORT ,DL-I,3,1.METAS_2022_SET.xlsx,2022-09-21T22:17:14.884+0000
2022-09-11,2203,235 1L COMFORT ,DL-J,19,1.METAS_2022_SET.xlsx,2022-09-21T22:17:14.884+0000
2022-09-11,2203,235 1L COMFORT ,DL-K,20,1.METAS_2022_SET.xlsx,2022-09-21T22:17:14.884+0000
2022-09-11,2203,235 1L COMFORT ,DL-L,14,1.METAS_2022_SET.xlsx,2022-09-21T22:17:14.884+0000
2022-09-11,2203,235 1L COMFORT ,DL-M,10,1.METAS_2022_SET.xlsx,2022-09-21T22:17:14.884+0000
2022-09-11,2203,235 1L COMFORT ,DL-N,7,1.METAS_2022_SET.xlsx,2022-09-21T22:17:14.884+0000
2022-09-11,2281,ELANTRA CN7 TM,DL-A,7,1.METAS_2022_SET.xlsx,2022-09-21T22:17:14.884+0000
2022-09-11,2281,ELANTRA CN7 TM,DL-B,2,1.METAS_2022_SET.xlsx,2022-09-21T22:17:14.884+0000
2022-09-11,2281,ELANTRA CN7 TM,DL-C,18,1.METAS_2022_SET.xlsx,2022-09-21T22:17:14.884+0000
2022-09-11,2281,ELANTRA CN7 TM,DL-D,3,1.METAS_2022_SET.xlsx,2022-09-21T22:17:14.884+0000
2022-09-11,2281,ELANTRA CN7 TM,DL-E,20,1.METAS_2022_SET.xlsx,2022-09-21T22:17:14.884+0000
2022-09-11,2281,ELANTRA CN7 TM,DL-F,17,1.METAS_2022_SET.xlsx,2022-09-21T22:17:14.884+0000
2022-09-11,2281,ELANTRA CN7 TM,DL-G,5,1.METAS_2022_SET.xlsx,2022-09-21T22:17:14.884+0000
2022-09-11,2281,ELANTRA CN7 TM,DL-H,13,1.METAS_2022_SET.xlsx,2022-09-21T22:17:14.884+0000
2022-09-11,2281,ELANTRA CN7 TM,DL-I,14,1.METAS_2022_SET.xlsx,2022-09-21T22:17:14.884+0000
2022-09-11,2281,ELANTRA CN7 TM,DL-J,5,1.METAS_2022_SET.xlsx,2022-09-21T22:17:14.884+0000
2022-09-11,2281,ELANTRA CN7 TM,DL-K,5,1.METAS_2022_SET.xlsx,2022-09-21T22:17:14.884+0000
2022-09-11,2281,ELANTRA CN7 TM,DL-L,7,1.METAS_2022_SET.xlsx,2022-09-21T22:17:14.884+0000
2022-09-11,2281,ELANTRA CN7 TM,DL-M,19,1.METAS_2022_SET.xlsx,2022-09-21T22:17:14.884+0000
2022-09-11,2281,ELANTRA CN7 TM,DL-N,11,1.METAS_2022_SET.xlsx,2022-09-21T22:17:14.884+0000
2022-09-11,2337,PULSE XXL,DL-A,7,1.METAS_2022_SET.xlsx,2022-09-21T22:17:14.884+0000
2022-09-11,2337,PULSE XXL,DL-B,20,1.METAS_2022_SET.xlsx,2022-09-21T22:17:14.884+0000
2022-09-11,2337,PULSE XXL,DL-C,16,1.METAS_2022_SET.xlsx,2022-09-21T22:17:14.884+0000
2022-09-11,2337,PULSE XXL,DL-D,8,1.METAS_2022_SET.xlsx,2022-09-21T22:17:14.884+0000
2022-09-11,2337,PULSE XXL,DL-E,5,1.METAS_2022_SET.xlsx,2022-09-21T22:17:14.884+0000
2022-09-11,2337,PULSE XXL,DL-F,13,1.METAS_2022_SET.xlsx,2022-09-21T22:17:14.884+0000
2022-09-11,2337,PULSE XXL,DL-G,7,1.METAS_2022_SET.xlsx,2022-09-21T22:17:14.884+0000
2022-09-11,2337,PULSE XXL,DL-H,7,1.METAS_2022_SET.xlsx,2022-09-21T22:17:14.884+0000
2022-09-11,2337,PULSE XXL,DL-I,6,1.METAS_2022_SET.xlsx,2022-09-21T22:17:14.884+0000
2022-09-11,2337,PULSE XXL,DL-J,8,1.METAS_2022_SET.xlsx,2022-09-21T22:17:14.884+0000
2022-09-11,2337,PULSE XXL,DL-K,12,1.METAS_2022_SET.xlsx,2022-09-21T22:17:14.884+0000
2022-09-11,2337,PULSE XXL,DL-L,3,1.METAS_2022_SET.xlsx,2022-09-21T22:17:14.884+0000
2022-09-11,2337,PULSE XXL,DL-M,1,1.METAS_2022_SET.xlsx,2022-09-21T22:17:14.884+0000
2022-09-11,2337,PULSE XXL,DL-N,6,1.METAS_2022_SET.xlsx,2022-09-21T22:17:14.884+0000
2022-09-11,2343,420 1.8L COMFORT ,DL-A,0,1.METAS_2022_SET.xlsx,2022-09-21T22:17:14.884+0000
2022-09-11,2343,420 1.8L COMFORT ,DL-B,8,1.METAS_2022_SET.xlsx,2022-09-21T22:17:14.884+0000
2022-09-11,2343,420 1.8L COMFORT ,DL-C,6,1.METAS_2022_SET.xlsx,2022-09-21T22:17:14.884+0000
2022-09-11,2343,420 1.8L COMFORT ,DL-D,6,1.METAS_2022_SET.xlsx,2022-09-21T22:17:14.884+0000
2022-09-11,2343,420 1.8L COMFORT ,DL-E,14,1.METAS_2022_SET.xlsx,2022-09-21T22:17:14.884+0000
2022-09-11,2343,420 1.8L COMFORT ,DL-F,6,1.METAS_2022_SET.xlsx,2022-09-21T22:17:14.884+0000
2022-09-11,2343,420 1.8L COMFORT ,DL-G,7,1.METAS_2022_SET.xlsx,2022-09-21T22:17:14.884+0000
2022-09-11,2343,420 1.8L COMFORT ,DL-H,18,1.METAS_2022_SET.xlsx,2022-09-21T22:17:14.884+0000
2022-09-11,2343,420 1.8L COMFORT ,DL-I,1,1.METAS_2022_SET.xlsx,2022-09-21T22:17:14.884+0000
2022-09-11,2343,420 1.8L COMFORT ,DL-J,8,1.METAS_2022_SET.xlsx,2022-09-21T22:17:14.884+0000
2022-09-11,2343,420 1.8L COMFORT ,DL-K,13,1.METAS_2022_SET.xlsx,2022-09-21T22:17:14.884+0000
2022-09-11,2343,420 1.8L COMFORT ,DL-L,5,1.METAS_2022_SET.xlsx,2022-09-21T22:17:14.884+0000
2022-09-11,2343,420 1.8L COMFORT ,DL-M,11,1.METAS_2022_SET.xlsx,2022-09-21T22:17:14.884+0000
2022-09-11,2343,420 1.8L COMFORT ,DL-N,15,1.METAS_2022_SET.xlsx,2022-09-21T22:17:14.884+0000
2022-09-11,2362,TRAILBLAZER CST,DL-A,1,1.METAS_2022_SET.xlsx,2022-09-21T22:17:14.884+0000
2022-09-11,2362,TRAILBLAZER CST,DL-B,5,1.METAS_2022_SET.xlsx,2022-09-21T22:17:14.884+0000
2022-09-11,2362,TRAILBLAZER CST,DL-C,3,1.METAS_2022_SET.xlsx,2022-09-21T22:17:14.884+0000
2022-09-11,2362,TRAILBLAZER CST,DL-D,16,1.METAS_2022_SET.xlsx,2022-09-21T22:17:14.884+0000
2022-09-11,2362,TRAILBLAZER CST,DL-E,13,1.METAS_2022_SET.xlsx,2022-09-21T22:17:14.884+0000
2022-09-11,2362,TRAILBLAZER CST,DL-F,11,1.METAS_2022_SET.xlsx,2022-09-21T22:17:14.884+0000
2022-09-11,2362,TRAILBLAZER CST,DL-G,1,1.METAS_2022_SET.xlsx,2022-09-21T22:17:14.884+0000
2022-09-11,2362,TRAILBLAZER CST,DL-H,13,1.METAS_2022_SET.xlsx,2022-09-21T22:17:14.884+0000
2022-09-11,2362,TRAILBLAZER CST,DL-I,19,1.METAS_2022_SET.xlsx,2022-09-21T22:17:14.884+0000
2022-09-11,2362,TRAILBLAZER CST,DL-J,9,1.METAS_2022_SET.xlsx,2022-09-21T22:17:14.884+0000
2022-09-11,2362,TRAILBLAZER CST,DL-K,17,1.METAS_2022_SET.xlsx,2022-09-21T22:17:14.884+0000
2022-09-11,2362,TRAILBLAZER CST,DL-L,13,1.METAS_2022_SET.xlsx,2022-09-21T22:17:14.884+0000
2022-09-11,2362,TRAILBLAZER CST,DL-M,15,1.METAS_2022_SET.xlsx,2022-09-21T22:17:14.884+0000
2022-09-11,2362,TRAILBLAZER CST,DL-N,6,1.METAS_2022_SET.xlsx,2022-09-21T22:17:14.884+0000
2022-09-11,2397,5008 CS,DL-A,18,1.METAS_2022_SET.xlsx,2022-09-21T22:17:14.884+0000
2022-09-11,2397,5008 CS,DL-B,4,1.METAS_2022_SET.xlsx,2022-09-21T22:17:14.884+0000
2022-09-11,2397,5008 CS,DL-C,12,1.METAS_2022_SET.xlsx,2022-09-21T22:17:14.884+0000
2022-09-11,2397,5008 CS,DL-D,10,1.METAS_2022_SET.xlsx,2022-09-21T22:17:14.884+0000
2022-09-11,2397,5008 CS,DL-E,7,1.METAS_2022_SET.xlsx,2022-09-21T22:17:14.884+0000
2022-09-11,2397,5008 CS,DL-F,6,1.METAS_2022_SET.xlsx,2022-09-21T22:17:14.884+0000
2022-09-11,2397,5008 CS,DL-G,2,1.METAS_2022_SET.xlsx,2022-09-21T22:17:14.884+0000
2022-09-11,2397,5008 CS,DL-H,12,1.METAS_2022_SET.xlsx,2022-09-21T22:17:14.884+0000
2022-09-11,2397,5008 CS,DL-I,10,1.METAS_2022_SET.xlsx,2022-09-21T22:17:14.884+0000
2022-09-11,2397,5008 CS,DL-J,3,1.METAS_2022_SET.xlsx,2022-09-21T22:17:14.884+0000
2022-09-11,2397,5008 CS,DL-K,3,1.METAS_2022_SET.xlsx,2022-09-21T22:17:14.884+0000
2022-09-11,2397,5008 CS,DL-L,18,1.METAS_2022_SET.xlsx,2022-09-21T22:17:14.884+0000
2022-09-11,2397,5008 CS,DL-M,4,1.METAS_2022_SET.xlsx,2022-09-21T22:17:14.884+0000
2022-09-11,2397,5008 CS,DL-N,9,1.METAS_2022_SET.xlsx,2022-09-21T22:17:14.884+0000
2022-09-11,2417,301 TM,DL-A,12,1.METAS_2022_SET.xlsx,2022-09-21T22:17:14.884+0000
2022-09-11,2417,301 TM,DL-B,8,1.METAS_2022_SET.xlsx,2022-09-21T22:17:14.884+0000
2022-09-11,2417,301 TM,DL-C,5,1.METAS_2022_SET.xlsx,2022-09-21T22:17:14.884+0000
2022-09-11,2417,301 TM,DL-D,10,1.METAS_2022_SET.xlsx,2022-09-21T22:17:14.884+0000
2022-09-11,2417,301 TM,DL-E,13,1.METAS_2022_SET.xlsx,2022-09-21T22:17:14.884+0000
2022-09-11,2417,301 TM,DL-F,13,1.METAS_2022_SET.xlsx,2022-09-21T22:17:14.884+0000
2022-09-11,2417,301 TM,DL-G,11,1.METAS_2022_SET.xlsx,2022-09-21T22:17:14.884+0000
2022-09-11,2417,301 TM,DL-H,9,1.METAS_2022_SET.xlsx,2022-09-21T22:17:14.884+0000
2022-09-11,2417,301 TM,DL-I,5,1.METAS_2022_SET.xlsx,2022-09-21T22:17:14.884+0000
2022-09-11,2417,301 TM,DL-J,16,1.METAS_2022_SET.xlsx,2022-09-21T22:17:14.884+0000
2022-09-11,2417,301 TM,DL-K,14,1.METAS_2022_SET.xlsx,2022-09-21T22:17:14.884+0000
2022-09-11,2417,301 TM,DL-L,7,1.METAS_2022_SET.xlsx,2022-09-21T22:17:14.884+0000
2022-09-11,2417,301 TM,DL-M,3,1.METAS_2022_SET.xlsx,2022-09-21T22:17:14.884+0000
2022-09-11,2417,301 TM,DL-N,13,1.METAS_2022_SET.xlsx,2022-09-21T22:17:14.884+0000
2022-09-11,2452,MOBI SERIE C,DL-A,6,1.METAS_2022_SET.xlsx,2022-09-21T22:17:14.884+0000
2022-09-11,2452,MOBI SERIE C,DL-B,14,1.METAS_2022_SET.xlsx,2022-09-21T22:17:14.884+0000
2022-09-11,2452,MOBI SERIE C,DL-C,0,1.METAS_2022_SET.xlsx,2022-09-21T22:17:14.884+0000
2022-09-11,2452,MOBI SERIE C,DL-D,5,1.METAS_2022_SET.xlsx,2022-09-21T22:17:14.884+0000
2022-09-11,2452,MOBI SERIE C,DL-E,5,1.METAS_2022_SET.xlsx,2022-09-21T22:17:14.884+0000
2022-09-11,2452,MOBI SERIE C,DL-F,12,1.METAS_2022_SET.xlsx,2022-09-21T22:17:14.884+0000
2022-09-11,2452,MOBI SERIE C,DL-G,11,1.METAS_2022_SET.xlsx,2022-09-21T22:17:14.884+0000
2022-09-11,2452,MOBI SERIE C,DL-H,14,1.METAS_2022_SET.xlsx,2022-09-21T22:17:14.884+0000
2022-09-11,2452,MOBI SERIE C,DL-I,16,1.METAS_2022_SET.xlsx,2022-09-21T22:17:14.884+0000
2022-09-11,2452,MOBI SERIE C,DL-J,10,1.METAS_2022_SET.xlsx,2022-09-21T22:17:14.884+0000
2022-09-11,2452,MOBI SERIE C,DL-K,13,1.METAS_2022_SET.xlsx,2022-09-21T22:17:14.884+0000
2022-09-11,2452,MOBI SERIE C,DL-L,10,1.METAS_2022_SET.xlsx,2022-09-21T22:17:14.884+0000
2022-09-11,2452,MOBI SERIE C,DL-M,20,1.METAS_2022_SET.xlsx,2022-09-21T22:17:14.884+0000
2022-09-11,2452,MOBI SERIE C,DL-N,6,1.METAS_2022_SET.xlsx,2022-09-21T22:17:14.884+0000
2022-09-11,2619,N400 MAX,DL-A,4,1.METAS_2022_SET.xlsx,2022-09-21T22:17:14.884+0000
2022-09-11,2619,N400 MAX,DL-B,8,1.METAS_2022_SET.xlsx,2022-09-21T22:17:14.884+0000
2022-09-11,2619,N400 MAX,DL-C,0,1.METAS_2022_SET.xlsx,2022-09-21T22:17:14.884+0000
2022-09-11,2619,N400 MAX,DL-D,13,1.METAS_2022_SET.xlsx,2022-09-21T22:17:14.884+0000
2022-09-11,2619,N400 MAX,DL-E,19,1.METAS_2022_SET.xlsx,2022-09-21T22:17:14.884+0000
2022-09-11,2619,N400 MAX,DL-F,17,1.METAS_2022_SET.xlsx,2022-09-21T22:17:14.884+0000
2022-09-11,2619,N400 MAX,DL-G,2,1.METAS_2022_SET.xlsx,2022-09-21T22:17:14.884+0000
2022-09-11,2619,N400 MAX,DL-H,14,1.METAS_2022_SET.xlsx,2022-09-21T22:17:14.884+0000
2022-09-11,2619,N400 MAX,DL-I,15,1.METAS_2022_SET.xlsx,2022-09-21T22:17:14.884+0000
2022-09-11,2619,N400 MAX,DL-J,10,1.METAS_2022_SET.xlsx,2022-09-21T22:17:14.884+0000
2022-09-11,2619,N400 MAX,DL-K,9,1.METAS_2022_SET.xlsx,2022-09-21T22:17:14.884+0000
2022-09-11,2619,N400 MAX,DL-L,20,1.METAS_2022_SET.xlsx,2022-09-21T22:17:14.884+0000
2022-09-11,2619,N400 MAX,DL-M,12,1.METAS_2022_SET.xlsx,2022-09-21T22:17:14.884+0000
2022-09-11,2619,N400 MAX,DL-N,5,1.METAS_2022_SET.xlsx,2022-09-21T22:17:14.884+0000
2022-09-11,2700,F-150 CS,DL-A,16,1.METAS_2022_SET.xlsx,2022-09-21T22:17:14.884+0000
2022-09-11,2700,F-150 CS,DL-B,9,1.METAS_2022_SET.xlsx,2022-09-21T22:17:14.884+0000
2022-09-11,2700,F-150 CS,DL-C,16,1.METAS_2022_SET.xlsx,2022-09-21T22:17:14.884+0000
2022-09-11,2700,F-150 CS,DL-D,5,1.METAS_2022_SET.xlsx,2022-09-21T22:17:14.884+0000
2022-09-11,2700,F-150 CS,DL-E,16,1.METAS_2022_SET.xlsx,2022-09-21T22:17:14.884+0000
2022-09-11,2700,F-150 CS,DL-F,16,1.METAS_2022_SET.xlsx,2022-09-21T22:17:14.884+0000
2022-09-11,2700,F-150 CS,DL-G,19,1.METAS_2022_SET.xlsx,2022-09-21T22:17:14.884+0000
2022-09-11,2700,F-150 CS,DL-H,10,1.METAS_2022_SET.xlsx,2022-09-21T22:17:14.884+0000
2022-09-11,2700,F-150 CS,DL-I,1,1.METAS_2022_SET.xlsx,2022-09-21T22:17:14.884+0000
2022-09-11,2700,F-150 CS,DL-J,12,1.METAS_2022_SET.xlsx,2022-09-21T22:17:14.884+0000
2022-09-11,2700,F-150 CS,DL-K,17,1.METAS_2022_SET.xlsx,2022-09-21T22:17:14.884+0000
2022-09-11,2700,F-150 CS,DL-L,6,1.METAS_2022_SET.xlsx,2022-09-21T22:17:14.884+0000
2022-09-11,2700,F-150 CS,DL-M,19,1.METAS_2022_SET.xlsx,2022-09-21T22:17:14.884+0000
2022-09-11,2700,F-150 CS,DL-N,8,1.METAS_2022_SET.xlsx,2022-09-21T22:17:14.884+0000
2022-09-11,2702,NEW ESCAPE XL EV,DL-A,2,1.METAS_2022_SET.xlsx,2022-09-21T22:17:14.884+0000
2022-09-11,2702,NEW ESCAPE XL EV,DL-B,5,1.METAS_2022_SET.xlsx,2022-09-21T22:17:14.884+0000
2022-09-11,2702,NEW ESCAPE XL EV,DL-C,14,1.METAS_2022_SET.xlsx,2022-09-21T22:17:14.884+0000
2022-09-11,2702,NEW ESCAPE XL EV,DL-D,3,1.METAS_2022_SET.xlsx,2022-09-21T22:17:14.884+0000
2022-09-11,2702,NEW ESCAPE XL EV,DL-E,11,1.METAS_2022_SET.xlsx,2022-09-21T22:17:14.884+0000
2022-09-11,2702,NEW ESCAPE XL EV,DL-F,6,1.METAS_2022_SET.xlsx,2022-09-21T22:17:14.884+0000
2022-09-11,2702,NEW ESCAPE XL EV,DL-G,12,1.METAS_2022_SET.xlsx,2022-09-21T22:17:14.884+0000
2022-09-11,2702,NEW ESCAPE XL EV,DL-H,7,1.METAS_2022_SET.xlsx,2022-09-21T22:17:14.884+0000
2022-09-11,2702,NEW ESCAPE XL EV,DL-I,11,1.METAS_2022_SET.xlsx,2022-09-21T22:17:14.884+0000
2022-09-11,2702,NEW ESCAPE XL EV,DL-J,7,1.METAS_2022_SET.xlsx,2022-09-21T22:17:14.884+0000
2022-09-11,2702,NEW ESCAPE XL EV,DL-K,10,1.METAS_2022_SET.xlsx,2022-09-21T22:17:14.884+0000
2022-09-11,2702,NEW ESCAPE XL EV,DL-L,19,1.METAS_2022_SET.xlsx,2022-09-21T22:17:14.884+0000
2022-09-11,2702,NEW ESCAPE XL EV,DL-M,15,1.METAS_2022_SET.xlsx,2022-09-21T22:17:14.884+0000
2022-09-11,2702,NEW ESCAPE XL EV,DL-N,6,1.METAS_2022_SET.xlsx,2022-09-21T22:17:14.884+0000
2022-09-11,2714,ONIX 1.3 SERIE ,DL-A,5,1.METAS_2022_SET.xlsx,2022-09-21T22:17:14.884+0000
2022-09-11,2714,ONIX 1.3 SERIE ,DL-B,10,1.METAS_2022_SET.xlsx,2022-09-21T22:17:14.884+0000
2022-09-11,2714,ONIX 1.3 SERIE ,DL-C,12,1.METAS_2022_SET.xlsx,2022-09-21T22:17:14.884+0000
2022-09-11,2714,ONIX 1.3 SERIE ,DL-D,7,1.METAS_2022_SET.xlsx,2022-09-21T22:17:14.884+0000
2022-09-11,2714,ONIX 1.3 SERIE ,DL-E,20,1.METAS_2022_SET.xlsx,2022-09-21T22:17:14.884+0000
2022-09-11,2714,ONIX 1.3 SERIE ,DL-F,1,1.METAS_2022_SET.xlsx,2022-09-21T22:17:14.884+0000
2022-09-11,2714,ONIX 1.3 SERIE ,DL-G,15,1.METAS_2022_SET.xlsx,2022-09-21T22:17:14.884+0000
2022-09-11,2714,ONIX 1.3 SERIE ,DL-H,14,1.METAS_2022_SET.xlsx,2022-09-21T22:17:14.884+0000
2022-09-11,2714,ONIX 1.3 SERIE ,DL-I,8,1.METAS_2022_SET.xlsx,2022-09-21T22:17:14.884+0000
2022-09-11,2714,ONIX 1.3 SERIE ,DL-J,6,1.METAS_2022_SET.xlsx,2022-09-21T22:17:14.884+0000
2022-09-11,2714,ONIX 1.3 SERIE ,DL-K,6,1.METAS_2022_SET.xlsx,2022-09-21T22:17:14.884+0000
2022-09-11,2714,ONIX 1.3 SERIE ,DL-L,7,1.METAS_2022_SET.xlsx,2022-09-21T22:17:14.884+0000
2022-09-11,2714,ONIX 1.3 SERIE ,DL-M,4,1.METAS_2022_SET.xlsx,2022-09-21T22:17:14.884+0000
2022-09-11,2714,ONIX 1.3 SERIE ,DL-N,18,1.METAS_2022_SET.xlsx,2022-09-21T22:17:14.884+0000
2022-09-11,2718,SILVERADO 1.3,DL-A,10,1.METAS_2022_SET.xlsx,2022-09-21T22:17:14.884+0000
2022-09-11,2718,SILVERADO 1.3,DL-B,2,1.METAS_2022_SET.xlsx,2022-09-21T22:17:14.884+0000
2022-09-11,2718,SILVERADO 1.3,DL-C,20,1.METAS_2022_SET.xlsx,2022-09-21T22:17:14.884+0000
2022-09-11,2718,SILVERADO 1.3,DL-D,20,1.METAS_2022_SET.xlsx,2022-09-21T22:17:14.884+0000
2022-09-11,2718,SILVERADO 1.3,DL-E,5,1.METAS_2022_SET.xlsx,2022-09-21T22:17:14.884+0000
2022-09-11,2718,SILVERADO 1.3,DL-F,9,1.METAS_2022_SET.xlsx,2022-09-21T22:17:14.884+0000
2022-09-11,2718,SILVERADO 1.3,DL-G,16,1.METAS_2022_SET.xlsx,2022-09-21T22:17:14.884+0000
2022-09-11,2718,SILVERADO 1.3,DL-H,0,1.METAS_2022_SET.xlsx,2022-09-21T22:17:14.884+0000
2022-09-11,2718,SILVERADO 1.3,DL-I,1,1.METAS_2022_SET.xlsx,2022-09-21T22:17:14.884+0000
2022-09-11,2718,SILVERADO 1.3,DL-J,2,1.METAS_2022_SET.xlsx,2022-09-21T22:17:14.884+0000
2022-09-11,2718,SILVERADO 1.3,DL-K,16,1.METAS_2022_SET.xlsx,2022-09-21T22:17:14.884+0000
2022-09-11,2718,SILVERADO 1.3,DL-L,15,1.METAS_2022_SET.xlsx,2022-09-21T22:17:14.884+0000
2022-09-11,2718,SILVERADO 1.3,DL-M,17,1.METAS_2022_SET.xlsx,2022-09-21T22:17:14.884+0000
2022-09-11,2718,SILVERADO 1.3,DL-N,19,1.METAS_2022_SET.xlsx,2022-09-21T22:17:14.884+0000
2022-09-11,2730,500 1.5 LUXURY,DL-A,17,1.METAS_2022_SET.xlsx,2022-09-21T22:17:14.884+0000
2022-09-11,2730,500 1.5 LUXURY,DL-B,19,1.METAS_2022_SET.xlsx,2022-09-21T22:17:14.884+0000
2022-09-11,2730,500 1.5 LUXURY,DL-C,9,1.METAS_2022_SET.xlsx,2022-09-21T22:17:14.884+0000
2022-09-11,2730,500 1.5 LUXURY,DL-D,9,1.METAS_2022_SET.xlsx,2022-09-21T22:17:14.884+0000
2022-09-11,2730,500 1.5 LUXURY,DL-E,8,1.METAS_2022_SET.xlsx,2022-09-21T22:17:14.884+0000
2022-09-11,2730,500 1.5 LUXURY,DL-F,20,1.METAS_2022_SET.xlsx,2022-09-21T22:17:14.884+0000
2022-09-11,2730,500 1.5 LUXURY,DL-G,4,1.METAS_2022_SET.xlsx,2022-09-21T22:17:14.884+0000
2022-09-11,2730,500 1.5 LUXURY,DL-H,13,1.METAS_2022_SET.xlsx,2022-09-21T22:17:14.884+0000
2022-09-11,2730,500 1.5 LUXURY,DL-I,11,1.METAS_2022_SET.xlsx,2022-09-21T22:17:14.884+0000
2022-09-11,2730,500 1.5 LUXURY,DL-J,3,1.METAS_2022_SET.xlsx,2022-09-21T22:17:14.884+0000
2022-09-11,2730,500 1.5 LUXURY,DL-K,10,1.METAS_2022_SET.xlsx,2022-09-21T22:17:14.884+0000
2022-09-11,2730,500 1.5 LUXURY,DL-L,4,1.METAS_2022_SET.xlsx,2022-09-21T22:17:14.884+0000
2022-09-11,2730,500 1.5 LUXURY,DL-M,20,1.METAS_2022_SET.xlsx,2022-09-21T22:17:14.884+0000
2022-09-11,2730,500 1.5 LUXURY,DL-N,14,1.METAS_2022_SET.xlsx,2022-09-21T22:17:14.884+0000
2022-09-11,2735,SANTA FE TM,DL-A,12,1.METAS_2022_SET.xlsx,2022-09-21T22:17:14.884+0000
2022-09-11,2735,SANTA FE TM,DL-B,6,1.METAS_2022_SET.xlsx,2022-09-21T22:17:14.884+0000
2022-09-11,2735,SANTA FE TM,DL-C,1,1.METAS_2022_SET.xlsx,2022-09-21T22:17:14.884+0000
2022-09-11,2735,SANTA FE TM,DL-D,14,1.METAS_2022_SET.xlsx,2022-09-21T22:17:14.884+0000
2022-09-11,2735,SANTA FE TM,DL-E,12,1.METAS_2022_SET.xlsx,2022-09-21T22:17:14.884+0000
2022-09-11,2735,SANTA FE TM,DL-F,4,1.METAS_2022_SET.xlsx,2022-09-21T22:17:14.884+0000
2022-09-11,2735,SANTA FE TM,DL-G,10,1.METAS_2022_SET.xlsx,2022-09-21T22:17:14.884+0000
2022-09-11,2735,SANTA FE TM,DL-H,10,1.METAS_2022_SET.xlsx,2022-09-21T22:17:14.884+0000
2022-09-11,2735,SANTA FE TM,DL-I,8,1.METAS_2022_SET.xlsx,2022-09-21T22:17:14.884+0000
2022-09-11,2735,SANTA FE TM,DL-J,1,1.METAS_2022_SET.xlsx,2022-09-21T22:17:14.884+0000
2022-09-11,2735,SANTA FE TM,DL-K,2,1.METAS_2022_SET.xlsx,2022-09-21T22:17:14.884+0000
2022-09-11,2735,SANTA FE TM,DL-L,7,1.METAS_2022_SET.xlsx,2022-09-21T22:17:14.884+0000
2022-09-11,2735,SANTA FE TM,DL-M,18,1.METAS_2022_SET.xlsx,2022-09-21T22:17:14.884+0000
2022-09-11,2735,SANTA FE TM,DL-N,20,1.METAS_2022_SET.xlsx,2022-09-21T22:17:14.884+0000
2022-09-11,2737,C-HR AC,DL-A,4,1.METAS_2022_SET.xlsx,2022-09-21T22:17:14.884+0000
2022-09-11,2737,C-HR AC,DL-B,1,1.METAS_2022_SET.xlsx,2022-09-21T22:17:14.884+0000
2022-09-11,2737,C-HR AC,DL-C,13,1.METAS_2022_SET.xlsx,2022-09-21T22:17:14.884+0000
2022-09-11,2737,C-HR AC,DL-D,0,1.METAS_2022_SET.xlsx,2022-09-21T22:17:14.884+0000
2022-09-11,2737,C-HR AC,DL-E,9,1.METAS_2022_SET.xlsx,2022-09-21T22:17:14.884+0000
2022-09-11,2737,C-HR AC,DL-F,0,1.METAS_2022_SET.xlsx,2022-09-21T22:17:14.884+0000
2022-09-11,2737,C-HR AC,DL-G,11,1.METAS_2022_SET.xlsx,2022-09-21T22:17:14.884+0000
2022-09-11,2737,C-HR AC,DL-H,5,1.METAS_2022_SET.xlsx,2022-09-21T22:17:14.884+0000
2022-09-11,2737,C-HR AC,DL-I,4,1.METAS_2022_SET.xlsx,2022-09-21T22:17:14.884+0000
2022-09-11,2737,C-HR AC,DL-J,11,1.METAS_2022_SET.xlsx,2022-09-21T22:17:14.884+0000
2022-09-11,2737,C-HR AC,DL-K,14,1.METAS_2022_SET.xlsx,2022-09-21T22:17:14.884+0000
2022-09-11,2737,C-HR AC,DL-L,6,1.METAS_2022_SET.xlsx,2022-09-21T22:17:14.884+0000
2022-09-11,2737,C-HR AC,DL-M,15,1.METAS_2022_SET.xlsx,2022-09-21T22:17:14.884+0000
2022-09-11,2737,C-HR AC,DL-N,11,1.METAS_2022_SET.xlsx,2022-09-21T22:17:14.884+0000
2022-09-11,2778,ARGO 4.3T,DL-A,9,1.METAS_2022_SET.xlsx,2022-09-21T22:17:14.884+0000
2022-09-11,2778,ARGO 4.3T,DL-B,17,1.METAS_2022_SET.xlsx,2022-09-21T22:17:14.884+0000
2022-09-11,2778,ARGO 4.3T,DL-C,17,1.METAS_2022_SET.xlsx,2022-09-21T22:17:14.884+0000
2022-09-11,2778,ARGO 4.3T,DL-D,3,1.METAS_2022_SET.xlsx,2022-09-21T22:17:14.884+0000
2022-09-11,2778,ARGO 4.3T,DL-E,1,1.METAS_2022_SET.xlsx,2022-09-21T22:17:14.884+0000
2022-09-11,2778,ARGO 4.3T,DL-F,9,1.METAS_2022_SET.xlsx,2022-09-21T22:17:14.884+0000
2022-09-11,2778,ARGO 4.3T,DL-G,6,1.METAS_2022_SET.xlsx,2022-09-21T22:17:14.884+0000
2022-09-11,2778,ARGO 4.3T,DL-H,3,1.METAS_2022_SET.xlsx,2022-09-21T22:17:14.884+0000
2022-09-11,2778,ARGO 4.3T,DL-I,20,1.METAS_2022_SET.xlsx,2022-09-21T22:17:14.884+0000
2022-09-11,2778,ARGO 4.3T,DL-J,14,1.METAS_2022_SET.xlsx,2022-09-21T22:17:14.884+0000
2022-09-11,2778,ARGO 4.3T,DL-K,5,1.METAS_2022_SET.xlsx,2022-09-21T22:17:14.884+0000
2022-09-11,2778,ARGO 4.3T,DL-L,14,1.METAS_2022_SET.xlsx,2022-09-21T22:17:14.884+0000
2022-09-11,2778,ARGO 4.3T,DL-M,12,1.METAS_2022_SET.xlsx,2022-09-21T22:17:14.884+0000
2022-09-11,2778,ARGO 4.3T,DL-N,6,1.METAS_2022_SET.xlsx,2022-09-21T22:17:14.884+0000
2022-09-11,2868,SANTA FE TM FL 1.0,DL-A,12,1.METAS_2022_SET.xlsx,2022-09-21T22:17:14.884+0000
2022-09-11,2868,SANTA FE TM FL 1.0,DL-B,3,1.METAS_2022_SET.xlsx,2022-09-21T22:17:14.884+0000
2022-09-11,2868,SANTA FE TM FL 1.0,DL-C,4,1.METAS_2022_SET.xlsx,2022-09-21T22:17:14.884+0000
2022-09-11,2868,SANTA FE TM FL 1.0,DL-D,18,1.METAS_2022_SET.xlsx,2022-09-21T22:17:14.884+0000
2022-09-11,2868,SANTA FE TM FL 1.0,DL-E,11,1.METAS_2022_SET.xlsx,2022-09-21T22:17:14.884+0000
2022-09-11,2868,SANTA FE TM FL 1.0,DL-F,17,1.METAS_2022_SET.xlsx,2022-09-21T22:17:14.884+0000
2022-09-11,2868,SANTA FE TM FL 1.0,DL-G,10,1.METAS_2022_SET.xlsx,2022-09-21T22:17:14.884+0000
2022-09-11,2868,SANTA FE TM FL 1.0,DL-H,6,1.METAS_2022_SET.xlsx,2022-09-21T22:17:14.884+0000
2022-09-11,2868,SANTA FE TM FL 1.0,DL-I,11,1.METAS_2022_SET.xlsx,2022-09-21T22:17:14.884+0000
2022-09-11,2868,SANTA FE TM FL 1.0,DL-J,19,1.METAS_2022_SET.xlsx,2022-09-21T22:17:14.884+0000
2022-09-11,2868,SANTA FE TM FL 1.0,DL-K,16,1.METAS_2022_SET.xlsx,2022-09-21T22:17:14.884+0000
2022-09-11,2868,SANTA FE TM FL 1.0,DL-L,9,1.METAS_2022_SET.xlsx,2022-09-21T22:17:14.884+0000
2022-09-11,2868,SANTA FE TM FL 1.0,DL-M,6,1.METAS_2022_SET.xlsx,2022-09-21T22:17:14.884+0000
2022-09-11,2868,SANTA FE TM FL 1.0,DL-N,14,1.METAS_2022_SET.xlsx,2022-09-21T22:17:14.884+0000
2022-09-11,2898,SPARK GT.4,DL-A,15,1.METAS_2022_SET.xlsx,2022-09-21T22:17:14.884+0000
2022-09-11,2898,SPARK GT.4,DL-B,15,1.METAS_2022_SET.xlsx,2022-09-21T22:17:14.884+0000
2022-09-11,2898,SPARK GT.4,DL-C,4,1.METAS_2022_SET.xlsx,2022-09-21T22:17:14.884+0000
2022-09-11,2898,SPARK GT.4,DL-D,15,1.METAS_2022_SET.xlsx,2022-09-21T22:17:14.884+0000
2022-09-11,2898,SPARK GT.4,DL-E,4,1.METAS_2022_SET.xlsx,2022-09-21T22:17:14.884+0000
2022-09-11,2898,SPARK GT.4,DL-F,7,1.METAS_2022_SET.xlsx,2022-09-21T22:17:14.884+0000
2022-09-11,2898,SPARK GT.4,DL-G,3,1.METAS_2022_SET.xlsx,2022-09-21T22:17:14.884+0000
2022-09-11,2898,SPARK GT.4,DL-H,15,1.METAS_2022_SET.xlsx,2022-09-21T22:17:14.884+0000
2022-09-11,2898,SPARK GT.4,DL-I,4,1.METAS_2022_SET.xlsx,2022-09-21T22:17:14.884+0000
2022-09-11,2898,SPARK GT.4,DL-J,4,1.METAS_2022_SET.xlsx,2022-09-21T22:17:14.884+0000
2022-09-11,2898,SPARK GT.4,DL-K,10,1.METAS_2022_SET.xlsx,2022-09-21T22:17:14.884+0000
2022-09-11,2898,SPARK GT.4,DL-L,6,1.METAS_2022_SET.xlsx,2022-09-21T22:17:14.884+0000
2022-09-11,2898,SPARK GT.4,DL-M,12,1.METAS_2022_SET.xlsx,2022-09-21T22:17:14.884+0000
2022-09-11,2898,SPARK GT.4,DL-N,9,1.METAS_2022_SET.xlsx,2022-09-21T22:17:14.884+0000
2022-09-11,2908,TACOMA 1.3 TM,DL-A,15,1.METAS_2022_SET.xlsx,2022-09-21T22:17:14.884+0000
2022-09-11,2908,TACOMA 1.3 TM,DL-B,9,1.METAS_2022_SET.xlsx,2022-09-21T22:17:14.884+0000
2022-09-11,2908,TACOMA 1.3 TM,DL-C,17,1.METAS_2022_SET.xlsx,2022-09-21T22:17:14.884+0000
2022-09-11,2908,TACOMA 1.3 TM,DL-D,14,1.METAS_2022_SET.xlsx,2022-09-21T22:17:14.884+0000
2022-09-11,2908,TACOMA 1.3 TM,DL-E,8,1.METAS_2022_SET.xlsx,2022-09-21T22:17:14.884+0000
2022-09-11,2908,TACOMA 1.3 TM,DL-F,8,1.METAS_2022_SET.xlsx,2022-09-21T22:17:14.884+0000
2022-09-11,2908,TACOMA 1.3 TM,DL-G,8,1.METAS_2022_SET.xlsx,2022-09-21T22:17:14.884+0000
2022-09-11,2908,TACOMA 1.3 TM,DL-H,20,1.METAS_2022_SET.xlsx,2022-09-21T22:17:14.884+0000
2022-09-11,2908,TACOMA 1.3 TM,DL-I,19,1.METAS_2022_SET.xlsx,2022-09-21T22:17:14.884+0000
2022-09-11,2908,TACOMA 1.3 TM,DL-J,4,1.METAS_2022_SET.xlsx,2022-09-21T22:17:14.884+0000
2022-09-11,2908,TACOMA 1.3 TM,DL-K,1,1.METAS_2022_SET.xlsx,2022-09-21T22:17:14.884+0000
2022-09-11,2908,TACOMA 1.3 TM,DL-L,12,1.METAS_2022_SET.xlsx,2022-09-21T22:17:14.884+0000
2022-09-11,2908,TACOMA 1.3 TM,DL-M,11,1.METAS_2022_SET.xlsx,2022-09-21T22:17:14.884+0000
2022-09-11,2908,TACOMA 1.3 TM,DL-N,11,1.METAS_2022_SET.xlsx,2022-09-21T22:17:14.884+0000
